unique_sample_id,split,image,gt_labels,raw_labels,baseline_clip_labels,raw_extra_count,raw_missing_count,baseline_extra_count,baseline_missing_count,first_idx,last_true_idx,baseline_last_pred_idx,baseline_last_abs_error,baseline_last_exact_match,baseline_last_within1_match,baseline_last_overprediction,baseline_last_underprediction,refined_clip_labels,refined_extra_count,refined_missing_count,refined_last_pred_idx,refined_last_abs_error,refined_last_exact_match,refined_last_within1_match,refined_last_overprediction,refined_last_underprediction,num_visible_target_vertebrae,last_visible_target,total_internal_missing_count,manifest_split,manifest_image,raw_num_labels,baseline_num_labels,refined_num_labels,trim_baseline,trim_refined,baseline_refined_idx_gap,is_partial_case,is_scoliosis_case,num_gt_labels,raw_labelset_dice_proxy,baseline_labelset_dice_proxy,refined_labelset_dice_proxy,raw_only,baseline_always,refined_always,baseline_if_trim_ge_1_else_raw,baseline_if_trim_ge_2_else_raw,baseline_if_trim_ge_3_else_raw,refined_if_trim_ge_1_else_raw,refined_if_trim_ge_2_else_raw,hybrid_refined_if_trim_ge_1_and_gap_le_1_else_baseline_if_trim_ge_1_else_raw,hybrid_refined_if_trim_ge_2_and_gap_le_1_else_baseline_if_trim_ge_1_else_raw,hybrid_raw_if_gap_ge_3_else_baseline_if_trim_ge_1_else_refined_if_trim_ge_1,hybrid_scoliosis_baseline_else_refined_if_trim_ge_2_and_gap_le_1_else_raw
Normal__N_4.jpg,Normal,N_4.jpg,"T1, T2, T3, T4, T5, T6, T7, T8, T9, T10, T11, T12, L1, L2, L3, L4, L5","T1, T2, T3, T4, T5, T6, T7, T8, T9, T10, T11, T12, L1, L2, L3, L4, L5","T1, T2, T3, T4, T5, T6, T7, T8, T9, T10, T11, T12, L1, L2, L3, L4, L5",0,0,0,0,0,16,16,0,True,True,False,False,"T1, T2, T3, T4, T5, T6, T7, T8, T9, T10, T11, T12, L1, L2, L3, L4",0,1,15,1,False,True,False,True,17,L5,0,Normal,N_4.jpg,17,17,16,0,1,1,False,False,17,1.0,1.0,0.9696969696969697,raw,baseline,refined,raw,raw,raw,refined,raw,refined,raw,refined,raw
Normal__N_6.jpg,Normal,N_6.jpg,"T1, T2, T3, T4, T5, T6, T7, T8, T9, T10, T11, T12, L1, L2, L3, L4, L5","T1, T2, T3, T4, T5, T6, T7, T8, T9, T10, T11, T12, L1, L2, L3, L4, L5","T1, T2, T3, T4, T5, T6, T7, T8, T9, T10, T11, T12, L1, L2, L3, L4, L5",0,0,0,0,0,16,16,0,True,True,False,False,"T1, T2, T3, T4, T5, T6, T7, T8, T9, T10, T11, T12, L1, L2, L3, L4",0,1,15,1,False,True,False,True,17,L5,0,Normal,N_6.jpg,17,17,16,0,1,1,False,False,17,1.0,1.0,0.9696969696969697,raw,baseline,refined,raw,raw,raw,refined,raw,refined,raw,refined,raw
Normal__N_8.jpg,Normal,N_8.jpg,"T1, T2, T3, T4, T5, T6, T7, T8, T9, T10, T11, T12, L1, L2, L3, L4, L5","T1, T2, T3, T4, T5, T6, T7, T8, T9, T10, T11, T12, L1, L2, L3, L4, L5","T1, T2, T3, T4, T5, T6, T7, T8, T9, T10, T11, T12, L1, L2, L3, L4, L5",0,0,0,0,0,16,16,0,True,True,False,False,"T1, T2, T3, T4, T5, T6, T7, T8, T9, T10, T11, T12, L1, L2, L3, L4",0,1,15,1,False,True,False,True,17,L5,0,Normal,N_8.jpg,17,17,16,0,1,1,False,False,17,1.0,1.0,0.9696969696969697,raw,baseline,refined,raw,raw,raw,refined,raw,refined,raw,refined,raw
Normal__N_15.jpg,Normal,N_15.jpg,"T1, T2, T3, T4, T5, T6, T7, T8, T9, T10, T11, T12, L1, L2, L3, L4, L5","T1, T2, T3, T4, T5, T6, T7, T8, T9, T10, T11, T12, L1, L2, L3, L4, L5","T1, T2, T3, T4, T5, T6, T7, T8, T9, T10, T11, T12, L1, L2, L3, L4, L5",0,0,0,0,0,16,16,0,True,True,False,False,"T1, T2, T3, T4, T5, T6, T7, T8, T9, T10, T11, T12, L1, L2, L3, L4",0,1,15,1,False,True,False,True,17,L5,0,Normal,N_15.jpg,17,17,16,0,1,1,False,False,17,1.0,1.0,0.9696969696969697,raw,baseline,refined,raw,raw,raw,refined,raw,refined,raw,refined,raw
Normal__N_18.jpg,Normal,N_18.jpg,"T1, T2, T3, T4, T5, T6, T7, T8, T9, T10, T11, T12, L1, L2, L3, L4, L5","T1, T2, T3, T4, T5, T6, T7, T8, T9, T10, T11, T12, L1, L2, L3, L4, L5","T1, T2, T3, T4, T5, T6, T7, T8, T9, T10, T11, T12, L1, L2, L3, L4, L5",0,0,0,0,0,16,16,0,True,True,False,False,"T1, T2, T3, T4, T5, T6, T7, T8, T9, T10, T11, T12, L1, L2, L3, L4",0,1,15,1,False,True,False,True,17,L5,0,Normal,N_18.jpg,17,17,16,0,1,1,False,False,17,1.0,1.0,0.9696969696969697,raw,baseline,refined,raw,raw,raw,refined,raw,refined,raw,refined,raw
Normal__N_19.jpg,Normal,N_19.jpg,"T1, T2, T3, T4, T5, T6, T7, T8, T9, T10, T11, T12, L1, L2, L3, L4, L5","T1, T2, T3, T4, T5, T6, T7, T8, T9, T10, T11, T12, L1, L2, L3, L4, L5","T1, T2, T3, T4, T5, T6, T7, T8, T9, T10, T11, T12, L1, L2, L3, L4, L5",0,0,0,0,0,16,16,0,True,True,False,False,"T1, T2, T3, T4, T5, T6, T7, T8, T9, T10, T11, T12, L1, L2, L3, L4",0,1,15,1,False,True,False,True,17,L5,0,Normal,N_19.jpg,17,17,16,0,1,1,False,False,17,1.0,1.0,0.9696969696969697,raw,baseline,refined,raw,raw,raw,refined,raw,refined,raw,refined,raw
Normal__N_23.jpg,Normal,N_23.jpg,"T1, T2, T3, T4, T5, T6, T7, T8, T9, T10, T11, T12, L1, L2, L3, L4","T1, T2, T3, T4, T5, T6, T7, T8, T9, T10, T11, T12, L1, L2, L3, L4, L5","T1, T2, T3, T4, T5, T6, T7, T8, T9, T10, T11, T12, L1, L2, L3, L4, L5",1,0,1,0,0,15,16,1,False,True,True,False,"T1, T2, T3, T4, T5, T6, T7, T8, T9, T10, T11, T12, L1, L2, L3, L4, L5",1,0,16,1,False,True,True,False,16,L4,0,Normal,N_23.jpg,17,17,17,0,0,0,True,False,16,0.9696969696969697,0.9696969696969697,0.9696969696969697,raw,baseline,refined,raw,raw,raw,raw,raw,raw,raw,raw,raw
Normal__N_24.jpg,Normal,N_24.jpg,"T1, T2, T3, T4, T5, T6, T7, T8, T9, T10, T11, T12, L1, L2, L3, L4, L5","T1, T2, T3, T4, T5, T6, T7, T8, T9, T10, T11, T12, L1, L2, L3, L4, L5","T1, T2, T3, T4, T5, T6, T7, T8, T9, T10, T11, T12, L1, L2, L3, L4, L5",0,0,0,0,0,16,16,0,True,True,False,False,"T1, T2, T3, T4, T5, T6, T7, T8, T9, T10, T11, T12, L1, L2, L3, L4",0,1,15,1,False,True,False,True,17,L5,0,Normal,N_24.jpg,17,17,16,0,1,1,False,False,17,1.0,1.0,0.9696969696969697,raw,baseline,refined,raw,raw,raw,refined,raw,refined,raw,refined,raw
Normal__N_26.jpg,Normal,N_26.jpg,"T1, T2, T3, T4, T5, T6, T7, T8, T9, T10, T11, T12, L1, L2, L3","T1, T2, T3, T4, T5, T6, T7, T8, T9, T10, T11, T12, L1, L2, L3, L4, L5","T1, T2, T3, T4, T5, T6, T7, T8, T9, T10, T11, T12, L1, L2, L3, L4, L5",2,0,2,0,0,14,16,2,False,False,True,False,"T1, T2, T3, T4, T5, T6, T7, T8, T9, T10, T11, T12, L1, L2, L3, L4",1,0,15,1,False,True,True,False,15,L3,0,Normal,N_26.jpg,17,17,16,0,1,1,True,False,15,0.9375,0.9375,0.967741935483871,raw,baseline,refined,raw,raw,raw,refined,raw,refined,raw,refined,raw
Normal__N_27.jpg,Normal,N_27.jpg,"T1, T2, T3, T4, T5, T6, T7, T8, T9, T10, T11, T12, L1, L2","T1, T2, T3, T4, T5, T6, T7, T8, T9, T10, T11, T12, L1, L2, L3, L4, L5","T1, T2, T3, T4, T5, T6, T7, T8, T9, T10, T11, T12, L1, L2, L3, L4, L5",3,0,3,0,0,13,16,3,False,False,True,False,"T1, T2, T3, T4, T5, T6, T7, T8, T9, T10, T11, T12, L1, L2, L3, L4",2,0,15,2,False,False,True,False,14,L2,0,Normal,N_27.jpg,17,17,16,0,1,1,True,False,14,0.9032258064516129,0.9032258064516129,0.9333333333333333,raw,baseline,refined,raw,raw,raw,refined,raw,refined,raw,refined,raw
Normal__N_31.jpg,Normal,N_31.jpg,"T1, T2, T3, T4, T5, T6, T7, T8, T9, T10, T11","T1, T2, T3, T4, T5, T6, T7, T8, T9, T10, T11, T12, L1, L2, L3, L4, L5","T1, T2, T3, T4, T5, T6, T7, T8, T9, T10, T11, T12, L1, L2, L3, L4, L5",6,0,6,0,0,10,16,6,False,False,True,False,"T1, T2, T3, T4, T5, T6, T7, T8, T9, T10, T11, T12, L1, L2, L3, L4, L5",6,0,16,6,False,False,True,False,11,T11,0,Normal,N_31.jpg,17,17,17,0,0,0,True,False,11,0.7857142857142857,0.7857142857142857,0.7857142857142857,raw,baseline,refined,raw,raw,raw,raw,raw,raw,raw,raw,raw
Normal__N_32.jpg,Normal,N_32.jpg,"T1, T2, T3, T4, T5, T6, T7, T8, T9, T10, T11, T12, L1, L2, L3, L4, L5","T1, T2, T3, T4, T5, T6, T7, T8, T9, T10, T11, T12, L1, L2, L3, L4, L5","T1, T2, T3, T4, T5, T6, T7, T8, T9, T10",0,0,0,7,0,16,9,7,False,False,False,True,"T1, T2, T3, T4, T5, T6, T7, T8, T9, T10, T11, T12, L1, L2, L3, L4",0,1,15,1,False,True,False,True,17,L5,0,Normal,N_32.jpg,17,10,16,7,1,6,False,False,17,1.0,0.7407407407407407,0.9696969696969697,raw,baseline,refined,baseline,baseline,baseline,refined,raw,baseline,baseline,raw,raw
Normal__N_37.jpg,Normal,N_37.jpg,"T1, T2, T3, T4, T5, T6, T7, T8, T9, T10, T11, T12, L1, L2, L3, L4, L5","T1, T2, T3, T4, T5, T6, T7, T8, T9, T10, T11, T12, L1, L2, L3, L4, L5","T1, T2, T3, T4, T5, T6, T7, T8, T9, T10, T11, T12, L1, L2, L3, L4, L5",0,0,0,0,0,16,16,0,True,True,False,False,"T1, T2, T3, T4, T5, T6, T7, T8, T9, T10, T11, T12, L1, L2, L3, L4",0,1,15,1,False,True,False,True,17,L5,0,Normal,N_37.jpg,17,17,16,0,1,1,False,False,17,1.0,1.0,0.9696969696969697,raw,baseline,refined,raw,raw,raw,refined,raw,refined,raw,refined,raw
Normal__N_44.jpg,Normal,N_44.jpg,"T1, T2, T3, T4, T5, T6, T7, T8, T9, T10, T11, T12, L1, L2, L3, L4, L5","T1, T2, T3, T4, T5, T6, T7, T8, T9, T10, T11, T12, L1, L2, L3, L4, L5","T1, T2, T3, T4, T5, T6, T7, T8, T9, T10, T11, T12, L1, L2, L3, L4, L5",0,0,0,0,0,16,16,0,True,True,False,False,"T1, T2, T3, T4, T5, T6, T7, T8, T9, T10, T11, T12, L1, L2, L3, L4",0,1,15,1,False,True,False,True,17,L5,0,Normal,N_44.jpg,17,17,16,0,1,1,False,False,17,1.0,1.0,0.9696969696969697,raw,baseline,refined,raw,raw,raw,refined,raw,refined,raw,refined,raw
Normal__N_50.jpg,Normal,N_50.jpg,"T1, T2, T3, T4, T5, T6, T7, T8, T9, T10, T11, T12, L1, L2, L3, L4, L5","T1, T2, T3, T4, T5, T6, T7, T8, T9, T10, T11, T12, L1, L2, L3, L4, L5","T1, T2, T3, T4, T5, T6, T7, T8, T9, T10, T11, T12, L1, L2, L3, L4, L5",0,0,0,0,0,16,16,0,True,True,False,False,"T1, T2, T3, T4, T5, T6, T7, T8, T9, T10, T11, T12, L1, L2, L3, L4, L5",0,0,16,0,True,True,False,False,17,L5,0,Normal,N_50.jpg,17,17,17,0,0,0,False,False,17,1.0,1.0,1.0,raw,baseline,refined,raw,raw,raw,raw,raw,raw,raw,raw,raw
Normal__N_64.jpg,Normal,N_64.jpg,"T1, T2, T3, T4, T5, T6, T7, T8, T9, T10, T11, T12, L1, L2, L3, L4, L5","T1, T2, T3, T4, T5, T6, T7, T8, T9, T10, T11, T12, L1, L2, L3, L4, L5","T1, T2, T3, T4, T5, T6, T7, T8, T9, T10, T11, T12, L1, L2, L3, L4, L5",0,0,0,0,0,16,16,0,True,True,False,False,"T1, T2, T3, T4, T5, T6, T7, T8, T9, T10, T11, T12, L1, L2, L3, L4",0,1,15,1,False,True,False,True,17,L5,0,Normal,N_64.jpg,17,17,16,0,1,1,False,False,17,1.0,1.0,0.9696969696969697,raw,baseline,refined,raw,raw,raw,refined,raw,refined,raw,refined,raw
Normal__N_70.jpg,Normal,N_70.jpg,"T1, T2, T3, T4, T5, T6, T7, T8, T9, T10, T11, T12, L1, L2, L3, L4, L5","T1, T2, T3, T4, T5, T6, T7, T8, T9, T10, T11, T12, L1, L2, L3, L4, L5","T1, T2, T3, T4, T5, T6, T7, T8, T9, T10, T11, T12, L1, L2, L3, L4, L5",0,0,0,0,0,16,16,0,True,True,False,False,"T1, T2, T3, T4, T5, T6, T7, T8, T9, T10, T11, T12, L1, L2, L3, L4",0,1,15,1,False,True,False,True,17,L5,0,Normal,N_70.jpg,17,17,16,0,1,1,False,False,17,1.0,1.0,0.9696969696969697,raw,baseline,refined,raw,raw,raw,refined,raw,refined,raw,refined,raw
Scoliosis__S_21.jpg,Scoliosis,S_21.jpg,"T1, T2, T3, T4, T5, T6, T7, T8, T9, T10, T11, T12, L1, L2, L3","T1, T2, T3, T4, T5, T6, T7, T8, T9, T10, T11, T12, L1, L2, L3, L4","T1, T2, T3, T4, T5, T6, T7, T8, T9, T10, T11, T12, L1, L2, L3",1,0,0,0,0,14,14,0,True,True,False,False,"T1, T2, T3, T4, T5, T6, T7, T8, T9, T10, T11, T12, L1, L2, L3, L4",1,0,15,1,False,True,True,False,15,L3,0,Scoliosis,S_21.jpg,16,15,16,1,0,1,True,True,15,0.967741935483871,1.0,0.967741935483871,raw,baseline,refined,baseline,raw,raw,raw,raw,baseline,baseline,baseline,baseline
Scoliosis__S_24.jpg,Scoliosis,S_24.jpg,"T1, T2, T3, T4, T5, T6, T7, T8, T9, T10","T1, T2, T3, T4, T5, T6, T7, T8, T9, T10, T11, T12, L1, L2, L3, L4, L5","T1, T2, T3, T4, T5, T6, T7, T8, T9, T10, T11, T12, L1, L2, L3, L4, L5",7,0,7,0,0,9,16,7,False,False,True,False,"T1, T2, T3, T4, T5, T6, T7, T8, T9, T10, T11, T12, L1, L2, L3, L4",6,0,15,6,False,False,True,False,10,T10,0,Scoliosis,S_24.jpg,17,17,16,0,1,1,True,True,10,0.7407407407407407,0.7407407407407407,0.7692307692307693,raw,baseline,refined,raw,raw,raw,refined,raw,refined,raw,refined,raw
Scoliosis__S_25.jpg,Scoliosis,S_25.jpg,"T1, T2, T3, T4, T5, T6, T7, T8, T9, T10, T11, T12","T1, T2, T3, T4, T5, T6, T7, T8, T9, T10, T11, T12, L1, L2, L3, L4, L5","T1, T2, T3, T4, T5, T6, T7, T8, T9, T10",5,0,0,2,0,11,9,2,False,False,False,True,"T1, T2, T3, T4, T5, T6, T7, T8, T9, T10, T11, T12, L1",1,0,12,1,False,True,True,False,12,T12,0,Scoliosis,S_25.jpg,17,10,13,7,4,3,True,True,12,0.8275862068965517,0.9090909090909091,0.96,raw,baseline,refined,baseline,baseline,baseline,refined,refined,baseline,baseline,raw,baseline
Scoliosis__S_28.jpg,Scoliosis,S_28.jpg,"T1, T2, T3, T4, T5, T6, T7, T8","T1, T2, T3, T4, T5, T6, T7, T8, T9, T10, T11, T12, L1, L2, L3, L4, L5","T1, T2, T3, T4, T5, T6, T7, T8, T9, T10, T11, T12",9,0,4,0,0,7,11,4,False,False,True,False,"T1, T2, T3, T4, T5, T6, T7, T8, T9, T10, T11, T12, L1, L2, L3, L4",8,0,15,8,False,False,True,False,8,T8,0,Scoliosis,S_28.jpg,17,12,16,5,1,4,True,True,8,0.64,0.8,0.6666666666666666,raw,baseline,refined,baseline,baseline,baseline,refined,raw,baseline,baseline,raw,baseline
Scoliosis__S_32.JPG,Scoliosis,S_32.JPG,"T1, T2, T3, T4, T5, T6, T7, T8, T9, T10, T11, T12","T1, T2, T3, T4, T5, T6, T7, T8, T9, T10, T11, T12, L1, L2, L3, L4, L5","T1, T2, T3, T4, T5, T6, T7, T8, T9, T10, T11, T12",5,0,0,0,0,11,11,0,True,True,False,False,"T1, T2, T3, T4, T5, T6, T7, T8, T9, T10",0,2,9,2,False,False,False,True,12,T12,0,Scoliosis,S_32.JPG,17,12,10,5,7,2,True,True,12,0.8275862068965517,1.0,0.9090909090909091,raw,baseline,refined,baseline,baseline,baseline,refined,refined,baseline,baseline,baseline,baseline
Scoliosis__S_33.jpg,Scoliosis,S_33.jpg,"T1, T2, T3, T4, T5, T6, T7, T8, T9, T10, T11, T12","T1, T2, T3, T4, T5, T6, T7, T8, T9, T10, T11, T12, L1, L2, L3, L4, L5","T1, T2, T3, T4, T5, T6, T7, T8, T9, T10, T11, T12",5,0,0,0,0,11,11,0,True,True,False,False,"T1, T2, T3, T4, T5, T6, T7, T8, T9, T10, T11, T12, L1",1,0,12,1,False,True,True,False,12,T12,0,Scoliosis,S_33.jpg,17,12,13,5,4,1,True,True,12,0.8275862068965517,1.0,0.96,raw,baseline,refined,baseline,baseline,baseline,refined,refined,refined,refined,baseline,baseline
Scoliosis__S_44.jpg,Scoliosis,S_44.jpg,"T1, T2, T3, T4, T5, T6, T7, T8, T9, T10, T11, T12, L1, L2, L3, L4","T1, T2, T3, T4, T5, T6, T7, T8, T9, T10, T11, T12, L1, L2, L3, L4, L5","T1, T2, T3, T4, T5, T6, T7, T8, T9, T10, T11, T12, L1, L2, L3",1,0,0,1,0,15,14,1,False,True,False,True,"T1, T2, T3, T4, T5, T6, T7, T8, T9, T10, T11, T12, L1, L2, L3, L4",0,0,15,0,True,True,False,False,16,L4,0,Scoliosis,S_44.jpg,17,15,16,2,1,1,True,True,16,0.9696969696969697,0.967741935483871,1.0,raw,baseline,refined,baseline,baseline,raw,refined,raw,refined,baseline,baseline,baseline
Scoliosis__S_45.jpg,Scoliosis,S_45.jpg,"T1, T2, T3, T4, T5, T6, T7, T8, T9, T10, T11, T12, L1, L2, L3","T1, T2, T3, T4, T5, T6, T7, T8, T9, T10, T11, T12, L1, L2, L3, L4, L5","T1, T2, T3, T4, T5, T6, T7, T8, T9, T10, T11, T12",2,0,0,3,0,14,11,3,False,False,False,True,"T1, T2, T3, T4, T5, T6, T7, T8, T9, T10",0,5,9,5,False,False,False,True,15,L3,0,Scoliosis,S_45.jpg,17,12,10,5,7,2,True,True,15,0.9375,0.8888888888888888,0.8,raw,baseline,refined,baseline,baseline,baseline,refined,refined,baseline,baseline,baseline,baseline
Scoliosis__S_48.jpg,Scoliosis,S_48.jpg,"T1, T2, T3, T4, T5, T6, T7, T8, T9","T1, T2, T3, T4, T5, T6, T7, T8, T9, T10, T11, T12, L1, L2, L3, L4, L5","T1, T2, T3, T4, T5, T6, T7, T8, T9, T10, T11",8,0,2,0,0,8,10,2,False,False,True,False,"T1, T2, T3, T4, T5, T6, T7, T8, T9, T10, T11, T12, L1, L2, L3, L4",7,0,15,7,False,False,True,False,9,T9,0,Scoliosis,S_48.jpg,17,11,16,6,1,5,True,True,9,0.6923076923076923,0.9,0.72,raw,baseline,refined,baseline,baseline,baseline,refined,raw,baseline,baseline,raw,baseline
Scoliosis__S_64.jpg,Scoliosis,S_64.jpg,"T1, T2, T3, T4, T5, T6, T7, T8, T9, T10","T1, T2, T3, T4, T5, T6, T7, T8, T9, T10, T11, T12, L1, L2, L3, L4, L5","T1, T2, T3, T4, T5, T6, T7, T8, T9, T10, T11, T12, L1, L2, L3, L4, L5",7,0,7,0,0,9,16,7,False,False,True,False,"T1, T2, T3, T4, T5, T6, T7, T8, T9, T10, T11, T12, L1, L2, L3, L4",6,0,15,6,False,False,True,False,10,T10,0,Scoliosis,S_64.jpg,17,17,16,0,1,1,True,True,10,0.7407407407407407,0.7407407407407407,0.7692307692307693,raw,baseline,refined,raw,raw,raw,refined,raw,refined,raw,refined,raw
Scoliosis__S_67.jpg,Scoliosis,S_67.jpg,"T1, T2, T3, T4, T5, T6, T7, T8, T9, T10, T11, T12","T1, T2, T3, T4, T5, T6, T7, T8, T9, T10, T11, T12, L1, L2, L3, L4, L5","T1, T2, T3, T4, T5, T6, T7, T8, T9, T10, T11, T12, L1, L2, L3",5,0,3,0,0,11,14,3,False,False,True,False,"T1, T2, T3, T4, T5, T6, T7, T8, T9, T10, T11, T12, L1, L2, L3, L4",4,0,15,4,False,False,True,False,12,T12,0,Scoliosis,S_67.jpg,17,15,16,2,1,1,True,True,12,0.8275862068965517,0.8888888888888888,0.8571428571428571,raw,baseline,refined,baseline,baseline,raw,refined,raw,refined,baseline,baseline,baseline
Scoliosis__S_70.jpg,Scoliosis,S_70.jpg,"T1, T2, T3, T4, T5, T6","T1, T2, T3, T4, T5, T6, T7, T8, T9, T10, T11, T12, L1, L2, L3, L4, L5","T1, T2, T3, T4, T5, T6, T7, T8, T9, T10, T11, T12",11,0,6,0,0,5,11,6,False,False,True,False,"T1, T2, T3, T4, T5, T6, T7, T8, T9, T10, T11, T12, L1",7,0,12,7,False,False,True,False,6,T6,0,Scoliosis,S_70.jpg,17,12,13,5,4,1,True,True,6,0.5217391304347826,0.6666666666666666,0.631578947368421,raw,baseline,refined,baseline,baseline,baseline,refined,refined,refined,refined,baseline,baseline
Scoliosis__S_72.jpg,Scoliosis,S_72.jpg,"T1, T2, T3, T4, T5, T6, T7","T1, T2, T3, T4, T5, T6, T7, T8, T9, T10, T11, T12, L1, L2, L3, L4, L5","T1, T2, T3, T4, T5, T6, T7, T8, T9, T10, T11, T12",10,0,5,0,0,6,11,5,False,False,True,False,"T1, T2, T3, T4, T5, T6, T7, T8, T9, T10, T11, T12, L1",6,0,12,6,False,False,True,False,7,T7,0,Scoliosis,S_72.jpg,17,12,13,5,4,1,True,True,7,0.5833333333333334,0.7368421052631579,0.7,raw,baseline,refined,baseline,baseline,baseline,refined,refined,refined,refined,baseline,baseline
Scoliosis__S_84.jpg,Scoliosis,S_84.jpg,"T1, T2, T3, T4, T5, T6, T7","T1, T2, T3, T4, T5, T6, T7, T8, T9, T10, T11, T12, L1, L2, L3, L4, L5","T1, T2, T3, T4, T5, T6, T7, T8, T9, T10, T11, T12, L1, L2, L3",10,0,8,0,0,6,14,8,False,False,True,False,"T1, T2, T3, T4, T5, T6, T7, T8, T9, T10, T11, T12, L1, L2, L3, L4",9,0,15,9,False,False,True,False,7,T7,0,Scoliosis,S_84.jpg,17,15,16,2,1,1,True,True,7,0.5833333333333334,0.6363636363636364,0.6086956521739131,raw,baseline,refined,baseline,baseline,raw,refined,raw,refined,baseline,baseline,baseline
Scoliosis__S_89.jpg,Scoliosis,S_89.jpg,"T1, T2, T3, T4, T5, T6, T7, T8, T9, T10, T11","T1, T2, T3, T4, T5, T6, T7, T8, T9, T10, T11, T12, L1, L2, L3, L4, L5","T1, T2, T3, T4, T5, T6, T7, T8, T9, T10, T11, T12, L1, L2, L3, L4, L5",6,0,6,0,0,10,16,6,False,False,True,False,"T1, T2, T3, T4, T5, T6, T7, T8, T9, T10, T11, T12, L1, L2, L3, L4",5,0,15,5,False,False,True,False,11,T11,0,Scoliosis,S_89.jpg,17,17,16,0,1,1,True,True,11,0.7857142857142857,0.7857142857142857,0.8148148148148148,raw,baseline,refined,raw,raw,raw,refined,raw,refined,raw,refined,raw
Scoliosis__S_96.jpg,Scoliosis,S_96.jpg,"T2, T3, T4, T5, T6, T7, T8, T9, T10, T11, T12, L1, L2, L3, L4, L5","T1, T2, T3, T4, T5, T6, T7, T8, T9, T10, T11, T12, L1, L2, L3, L4, L5","T2, T3, T4, T5, T6, T7, T8, T9, T10, T11, T12, L1, L2, L3, L4, L5",1,0,0,0,1,16,16,0,True,True,False,False,"T2, T3, T4, T5, T6, T7, T8, T9, T10, T11, T12, L1, L2, L3, L4",0,1,15,1,False,True,False,True,16,L5,0,Scoliosis,S_96.jpg,17,16,15,1,2,1,True,True,16,0.9696969696969697,1.0,0.967741935483871,raw,baseline,refined,baseline,raw,raw,refined,refined,refined,refined,baseline,baseline
Scoliosis__S_128.jpg,Scoliosis,S_128.jpg,"T2, T3, T4, T5, T6, T7, T8, T9, T10, T11, T12, L1, L2, L3, L4, L5","T1, T2, T3, T4, T5, T6, T7, T8, T9, T10, T11, T12, L1, L2, L3, L4, L5","T2, T3, T4, T5, T6, T7, T8, T9, T10, T11, T12, L1, L2, L3, L4, L5",1,0,0,0,1,16,16,0,True,True,False,False,"T2, T3, T4, T5, T6, T7, T8, T9, T10, T11, T12, L1, L2, L3, L4, L5",0,0,16,0,True,True,False,False,16,L5,0,Scoliosis,S_128.jpg,17,16,16,1,1,0,True,True,16,0.9696969696969697,1.0,1.0,raw,baseline,refined,baseline,raw,raw,refined,raw,refined,baseline,baseline,baseline
Scoliosis__S_129.jpg,Scoliosis,S_129.jpg,"T1, T2, T3, T4, T5, T6, T7, T8, T9, T10, T11, T12, L1, L2, L3","T1, T2, T3, T4, T5, T6, T7, T8, T9, T10, T11, T12, L1, L2, L3, L4, L5","T1, T2, T3, T4, T5, T6, T7, T8, T9, T10, T11, T12, L1, L2, L3, L4, L5",2,0,2,0,0,14,16,2,False,False,True,False,"T1, T2, T3, T4, T5, T6, T7, T8, T9, T10, T11, T12, L1, L2, L3, L4",1,0,15,1,False,True,True,False,15,L3,0,Scoliosis,S_129.jpg,17,17,16,0,1,1,True,True,15,0.9375,0.9375,0.967741935483871,raw,baseline,refined,raw,raw,raw,refined,raw,refined,raw,refined,raw
Scoliosis__S_136.jpg,Scoliosis,S_136.jpg,"T1, T2, T3, T4, T5, T6, T7, T8, T9, T10, T11, T12, L1, L2, L3, L4","T1, T2, T3, T4, T5, T6, T7, T8, T9, T10, T11, T12, L1, L2, L3, L4, L5","T1, T2, T3, T4, T5, T6, T7, T8, T9, T10, T11, T12, L1, L2, L3",1,0,0,1,0,15,14,1,False,True,False,True,"T1, T2, T3, T4, T5, T6, T7, T8, T9, T10, T11, T12, L1, L2, L3, L4",0,0,15,0,True,True,False,False,16,L4,0,Scoliosis,S_136.jpg,17,15,16,2,1,1,True,True,16,0.9696969696969697,0.967741935483871,1.0,raw,baseline,refined,baseline,baseline,raw,refined,raw,refined,baseline,baseline,baseline
Scoliosis__S_140.jpg,Scoliosis,S_140.jpg,"T1, T2, T3, T4, T5, T6, T7, T8, T9, T10, T11, T12, L1, L2, L3, L4","T1, T2, T3, T4, T5, T6, T7, T8, T9, T10, T11, T12, L1, L2, L3, L4, L5","T1, T2, T3, T4, T5, T6, T7, T8, T9, T10, T11, T12, L1, L2, L3",1,0,0,1,0,15,14,1,False,True,False,True,"T1, T2, T3, T4, T5, T6, T7, T8, T9, T10, T11, T12, L1, L2, L3, L4",0,0,15,0,True,True,False,False,16,L4,0,Scoliosis,S_140.jpg,17,15,16,2,1,1,True,True,16,0.9696969696969697,0.967741935483871,1.0,raw,baseline,refined,baseline,baseline,raw,refined,raw,refined,baseline,baseline,baseline
Scoliosis__S_143.jpg,Scoliosis,S_143.jpg,"T2, T3, T4, T5, T6, T7, T8, T9, T10, T11, T12, L1, L2, L3","T1, T2, T3, T4, T5, T6, T7, T8, T9, T10, T11, T12, L1, L2, L3, L4, L5","T2, T3, T4, T5, T6, T7, T8, T9, T10, T11, T12, L1, L2, L3, L4",3,0,1,0,1,14,15,1,False,True,True,False,"T2, T3, T4, T5, T6, T7, T8, T9, T10, T11, T12, L1, L2, L3, L4",1,0,15,1,False,True,True,False,14,L3,0,Scoliosis,S_143.jpg,17,15,15,2,2,0,True,True,14,0.9032258064516129,0.9655172413793104,0.9655172413793104,raw,baseline,refined,baseline,baseline,raw,refined,refined,refined,refined,baseline,baseline
Scoliosis__S_144.jpg,Scoliosis,S_144.jpg,"T1, T2, T3, T4, T5, T6, T7, T8, T9, T10, T11, T12, L1, L2, L3, L4","T1, T2, T3, T4, T5, T6, T7, T8, T9, T10, T11, T12, L1, L2, L3, L4, L5","T1, T2, T3, T4, T5, T6, T7, T8, T9, T10, T11, T12, L1, L2, L3, L4, L5",1,0,1,0,0,15,16,1,False,True,True,False,"T1, T2, T3, T4, T5, T6, T7, T8, T9, T10, T11, T12, L1, L2, L3, L4",0,0,15,0,True,True,False,False,16,L4,0,Scoliosis,S_144.jpg,17,17,16,0,1,1,True,True,16,0.9696969696969697,0.9696969696969697,1.0,raw,baseline,refined,raw,raw,raw,refined,raw,refined,raw,refined,raw
Scoliosis__S_146.jpg,Scoliosis,S_146.jpg,"T1, T2, T3, T4, T5, T6, T7, T8, T9, T10, T11, T12, L1, L2, L3, L4","T1, T2, T3, T4, T5, T6, T7, T8, T9, T10, T11, T12, L1, L2, L3, L4, L5","T1, T2, T3, T4, T5, T6, T7, T8, T9, T10, T11, T12, L1, L2, L3, L4, L5",1,0,1,0,0,15,16,1,False,True,True,False,"T1, T2, T3, T4, T5, T6, T7, T8, T9, T10, T11, T12, L1, L2, L3, L4, L5",1,0,16,1,False,True,True,False,16,L4,0,Scoliosis,S_146.jpg,17,17,17,0,0,0,True,True,16,0.9696969696969697,0.9696969696969697,0.9696969696969697,raw,baseline,refined,raw,raw,raw,raw,raw,raw,raw,raw,raw
Scoliosis__S_152.jpg,Scoliosis,S_152.jpg,"T1, T2, T3, T4, T5, T6, T7, T8, T9, T10, T11, T12, L1","T1, T2, T3, T4, T5, T6, T7, T8, T9, T10, T11, T12, L1, L2, L3, L4, L5","T1, T2, T3, T4, T5, T6, T7, T8, T9, T10",4,0,0,3,0,12,9,3,False,False,False,True,"T1, T2, T3, T4, T5, T6, T7, T8, T9, T10, T11, T12, L1",0,0,12,0,True,True,False,False,13,L1,0,Scoliosis,S_152.jpg,17,10,13,7,4,3,True,True,13,0.8666666666666667,0.8695652173913043,1.0,raw,baseline,refined,baseline,baseline,baseline,refined,refined,baseline,baseline,raw,baseline
Scoliosis__S_174.jpg,Scoliosis,S_174.jpg,"T1, T2, T3, T4, T5, T6, T7, T8, T9, T10, T11, T12, L1, L2","T1, T2, T3, T4, T5, T6, T7, T8, T9, T10, T11, T12, L1, L2, L3, L4, L5","T1, T2, T3, T4, T5, T6, T7, T8, T9, T10, T11, T12, L1, L2, L3, L4, L5",3,0,3,0,0,13,16,3,False,False,True,False,"T1, T2, T3, T4, T5, T6, T7, T8, T9, T10, T11, T12, L1, L2, L3, L4",2,0,15,2,False,False,True,False,14,L2,0,Scoliosis,S_174.jpg,17,17,16,0,1,1,True,True,14,0.9032258064516129,0.9032258064516129,0.9333333333333333,raw,baseline,refined,raw,raw,raw,refined,raw,refined,raw,refined,raw
Scoliosis__S_175.jpg,Scoliosis,S_175.jpg,"T1, T2, T3, T4, T5, T6, T7, T8, T9, T10, T11, T12","T1, T2, T3, T4, T5, T6, T7, T8, T9, T10, T11, T12, L1, L2, L3, L4, L5","T1, T2, T3, T4, T5, T6, T7, T8, T9, T10, T11, T12",5,0,0,0,0,11,11,0,True,True,False,False,"T1, T2, T3, T4, T5, T6, T7, T8, T9, T10, T11, T12, L1",1,0,12,1,False,True,True,False,12,T12,0,Scoliosis,S_175.jpg,17,12,13,5,4,1,True,True,12,0.8275862068965517,1.0,0.96,raw,baseline,refined,baseline,baseline,baseline,refined,refined,refined,refined,baseline,baseline
Scoliosis__S_180.jpg,Scoliosis,S_180.jpg,"T1, T2, T3, T4, T5, T6, T7, T8, T9, T10","T1, T2, T3, T4, T5, T6, T7, T8, T9, T10, T11, T12, L1, L2, L3, L4, L5","T1, T2, T3, T4, T5, T6, T7, T8, T9, T10",7,0,0,0,0,9,9,0,True,True,False,False,"T1, T2, T3, T4, T5, T6, T7, T8, T9, T10, T11, T12, L1, L2, L3, L4",6,0,15,6,False,False,True,False,10,T10,0,Scoliosis,S_180.jpg,17,10,16,7,1,6,True,True,10,0.7407407407407407,1.0,0.7692307692307693,raw,baseline,refined,baseline,baseline,baseline,refined,raw,baseline,baseline,raw,baseline
Scoliosis__S_193.jpg,Scoliosis,S_193.jpg,"T1, T2, T3, T4, T5, T6, T7, T8, T9, T10, T11, T12, L1, L2","T1, T2, T3, T4, T5, T6, T7, T8, T9, T10, T11, T12, L1, L2, L3, L4, L5","T1, T2, T3, T4, T5, T6, T7, T8, T9, T10",3,0,0,4,0,13,9,4,False,False,False,True,"T1, T2, T3, T4, T5, T6, T7, T8, T9, T10, T11, T12, L1",0,1,12,1,False,True,False,True,14,L2,0,Scoliosis,S_193.jpg,17,10,13,7,4,3,True,True,14,0.9032258064516129,0.8333333333333334,0.9629629629629629,raw,baseline,refined,baseline,baseline,baseline,refined,refined,baseline,baseline,raw,baseline
